{"cameraMode":{"drawMode":0,"name":"Shaded","section":"Shading Mode"},"sceneLighting":false,"audioPlay":false,"sceneViewState":{"m_AlwaysRefresh":false,"showFog":true,"showSkybox":false,"showFlares":true,"showImageEffects":true,"showParticleSystems":true,"showVisualEffectGraphs":true,"m_FxEnabled":true},"in2DMode":false,"pivot":{"x":0.26100921630859377,"y":0.7961128950119019,"z":-1.8471369743347169},"rotation":{"x":-0.0009847007459029556,"y":-0.9986386299133301,"z":0.04828113690018654,"w":-0.020368527621030809},"size":2.0571975708007814,"orthographic":false}