{"cameraMode":{"drawMode":0,"name":"Shaded","section":"Shading Mode"},"sceneLighting":false,"audioPlay":false,"sceneViewState":{"m_AlwaysRefresh":false,"showFog":true,"showSkybox":false,"showFlares":true,"showImageEffects":true,"showParticleSystems":true,"showVisualEffectGraphs":true,"m_FxEnabled":true},"in2DMode":false,"pivot":{"x":0.8798467516899109,"y":-0.4168581962585449,"z":1.4943830966949463},"rotation":{"x":0.42505016922950747,"y":-0.08908895403146744,"z":0.042088888585567477,"w":0.899804413318634},"size":1.5147544145584107,"orthographic":false}