{"cameraMode":{"drawMode":0,"name":"Shaded","section":"Shading Mode"},"sceneLighting":false,"audioPlay":false,"sceneViewState":{"m_AlwaysRefresh":false,"showFog":true,"showSkybox":false,"showFlares":true,"showImageEffects":true,"showParticleSystems":true,"showVisualEffectGraphs":true,"m_FxEnabled":true},"in2DMode":false,"pivot":{"x":0.4658561944961548,"y":0.35425591468811037,"z":-0.13196802139282227},"rotation":{"x":-0.0518483929336071,"y":-0.9437853097915649,"z":0.17936557531356812,"w":-0.27281343936920168},"size":1.3997684717178345,"orthographic":false}