{"cameraMode":{"drawMode":0,"name":"Shaded","section":"Shading Mode"},"sceneLighting":false,"audioPlay":false,"sceneViewState":{"m_AlwaysRefresh":false,"showFog":true,"showSkybox":false,"showFlares":true,"showImageEffects":true,"showParticleSystems":true,"showVisualEffectGraphs":true,"m_FxEnabled":true},"in2DMode":false,"pivot":{"x":0.000002384185791015625,"y":-0.3752012252807617,"z":0.004012107849121094},"rotation":{"x":0.15089638531208039,"y":0.5193768739700317,"z":-0.09375503659248352,"w":0.8358761072158814},"size":4.190304279327393,"orthographic":false}