{"cameraMode":{"drawMode":0,"name":"Shaded","section":"Shading Mode"},"sceneLighting":false,"audioPlay":false,"sceneViewState":{"m_AlwaysRefresh":false,"showFog":true,"showSkybox":false,"showFlares":true,"showImageEffects":true,"showParticleSystems":true,"showVisualEffectGraphs":true,"m_FxEnabled":true},"in2DMode":false,"pivot":{"x":-0.17064762115478517,"y":0.1826871633529663,"z":0.9008568525314331},"rotation":{"x":0.18746131658554078,"y":-0.40411147475242617,"z":0.08499496430158615,"w":0.8912625908851624},"size":1.2632228136062623,"orthographic":false}