{"cameraMode":{"drawMode":0,"name":"Shaded","section":"Shading Mode"},"sceneLighting":false,"audioPlay":false,"sceneViewState":{"m_AlwaysRefresh":false,"showFog":true,"showSkybox":false,"showFlares":true,"showImageEffects":true,"showParticleSystems":true,"showVisualEffectGraphs":true,"m_FxEnabled":true},"in2DMode":false,"pivot":{"x":-0.11099874973297119,"y":0.12235468626022339,"z":0.07614290714263916},"rotation":{"x":0.06334003061056137,"y":-0.9267033934593201,"z":0.18188703060150147,"w":0.3227163255214691},"size":0.7544602155685425,"orthographic":false}