{"cameraMode":{"drawMode":0,"name":"Shaded","section":"Shading Mode"},"sceneLighting":false,"audioPlay":false,"sceneViewState":{"m_AlwaysRefresh":false,"showFog":true,"showSkybox":false,"showFlares":true,"showImageEffects":true,"showParticleSystems":true,"showVisualEffectGraphs":true,"m_FxEnabled":true},"in2DMode":false,"pivot":{"x":0.02086806297302246,"y":0.07416732609272003,"z":0.039361029863357547},"rotation":{"x":0.008447008207440377,"y":-0.690987229347229,"z":-0.008081586100161076,"w":-0.722794771194458},"size":0.891915500164032,"orthographic":false}