{"cameraMode":{"drawMode":0,"name":"Shaded","section":"Shading Mode"},"sceneLighting":false,"audioPlay":false,"sceneViewState":{"m_AlwaysRefresh":false,"showFog":true,"showSkybox":false,"showFlares":true,"showImageEffects":true,"showParticleSystems":true,"showVisualEffectGraphs":true,"m_FxEnabled":true},"in2DMode":false,"pivot":{"x":-1.4795515537261963,"y":0.1851644515991211,"z":-0.6417927742004395},"rotation":{"x":0.15723691880702973,"y":-0.7495173215866089,"z":0.19202876091003419,"w":0.6137136816978455},"size":1.9056448936462403,"orthographic":false}