{"cameraMode":{"drawMode":0,"name":"Shaded","section":"Shading Mode"},"sceneLighting":true,"audioPlay":false,"sceneViewState":{"m_AlwaysRefresh":false,"showFog":true,"showSkybox":true,"showFlares":true,"showImageEffects":true,"showParticleSystems":true,"showVisualEffectGraphs":true,"m_FxEnabled":true},"in2DMode":false,"pivot":{"x":7.132585048675537,"y":-0.3957090377807617,"z":11.182258605957032},"rotation":{"x":-0.08417440950870514,"y":0.028990326449275018,"z":-0.00244983471930027,"w":-0.9960293769836426},"size":11.662633895874024,"orthographic":false}