{"cameraMode":{"drawMode":0,"name":"Shaded","section":"Shading Mode"},"sceneLighting":true,"audioPlay":false,"sceneViewState":{"m_AlwaysRefresh":false,"showFog":true,"showSkybox":true,"showFlares":true,"showImageEffects":true,"showParticleSystems":true,"showVisualEffectGraphs":true,"m_FxEnabled":true},"in2DMode":false,"pivot":{"x":867.2742919921875,"y":515.0435791015625,"z":3.815673828125},"rotation":{"x":-0.019808169454336168,"y":0.0065949116833508019,"z":-0.0001338231231784448,"w":-0.9997981190681458},"size":906.4620361328125,"orthographic":false}