{"cameraMode":{"drawMode":0,"name":"Shaded","section":"Shading Mode"},"sceneLighting":true,"audioPlay":false,"sceneViewState":{"m_AlwaysRefresh":false,"showFog":true,"showSkybox":true,"showFlares":true,"showImageEffects":true,"showParticleSystems":true,"showVisualEffectGraphs":true,"m_FxEnabled":true},"in2DMode":false,"pivot":{"x":-17.725929260253908,"y":0.017850875854492189,"z":0.11442184448242188},"rotation":{"x":-0.3265194296836853,"y":0.6522620916366577,"z":-0.370280385017395,"w":-0.5752079486846924},"size":4.461431980133057,"orthographic":false}