{"cameraMode":{"drawMode":0,"name":"Shaded","section":"Shading Mode"},"sceneLighting":true,"audioPlay":false,"sceneViewState":{"m_AlwaysRefresh":false,"showFog":true,"showSkybox":true,"showFlares":true,"showImageEffects":true,"showParticleSystems":true,"showVisualEffectGraphs":true,"m_FxEnabled":true},"in2DMode":false,"pivot":{"x":24.962512969970704,"y":-0.05420875549316406,"z":0.8377189636230469},"rotation":{"x":-0.18522308766841889,"y":-0.011205070652067662,"z":0.0021102887112647297,"w":-0.9826381802558899},"size":33.287227630615237,"orthographic":false}