{"cameraMode":{"drawMode":0,"name":"Shaded","section":"Shading Mode"},"sceneLighting":false,"audioPlay":false,"sceneViewState":{"m_AlwaysRefresh":false,"showFog":true,"showSkybox":false,"showFlares":true,"showImageEffects":true,"showParticleSystems":true,"showVisualEffectGraphs":true,"m_FxEnabled":true},"in2DMode":false,"pivot":{"x":-0.9058527946472168,"y":0.8345739841461182,"z":0.6181149482727051},"rotation":{"x":0.15343451499938966,"y":-0.8368207812309265,"z":0.2953643202781677,"w":0.43470844626426699},"size":1.8698242902755738,"orthographic":false}