{"cameraMode":{"drawMode":0,"name":"Shaded","section":"Shading Mode"},"sceneLighting":false,"audioPlay":false,"sceneViewState":{"m_AlwaysRefresh":false,"showFog":true,"showSkybox":false,"showFlares":true,"showImageEffects":true,"showParticleSystems":true,"showVisualEffectGraphs":true,"m_FxEnabled":true},"in2DMode":false,"pivot":{"x":-0.14558625221252442,"y":0.41035741567611697,"z":1.4099773168563843},"rotation":{"x":0.12474243342876435,"y":-0.25128328800201418,"z":0.03267332538962364,"w":0.9592968821525574},"size":1.370471715927124,"orthographic":false}