{"cameraMode":{"drawMode":0,"name":"Shaded","section":"Shading Mode"},"sceneLighting":false,"audioPlay":false,"sceneViewState":{"m_AlwaysRefresh":false,"showFog":true,"showSkybox":false,"showFlares":true,"showImageEffects":true,"showParticleSystems":true,"showVisualEffectGraphs":true,"m_FxEnabled":true},"in2DMode":false,"pivot":{"x":0.04321463778614998,"y":0.7567005157470703,"z":-2.129999876022339},"rotation":{"x":-0.0001925579272210598,"y":-0.9987629055976868,"z":0.049788765609264377,"w":-0.0038880379870533945},"size":2.2195706367492677,"orthographic":false}